,,,,,,
Chad Davis,123-45-6789,1234,admin,2/26/2021,6:41 AM,
Chad Davis,123-45-6789,1234,admin,2/26/2021,7:02 AM,Unsuccessful
Chad Davis,123-45-6789,1234,admin,2/26/2021,7:02 AM,Unsuccessful
Chad Davis,123-45-6789,1234,admin,2/26/2021,7:02 AM,Unsuccessful
Chad Davis,123-45-6789,1234,admin,2/26/2021,7:02 AM,Successful
Chad Davis,123-45-6789,1234,admin,2/26/2021,7:02 AM,Successful
Chad Davis,123-45-6789,1234,admin,2/26/2021,7:07 AM,Unsuccessful
Chad Davis,123-45-6789,1234,admin,2/26/2021,7:07 AM,Unsuccessful
Chad Davis,123-45-6789,1234,admin,2/26/2021,7:07 AM,Unsuccessful
Chad Davis,123-45-6789,1234,admin,2/26/2021,7:07 AM,Successful
Chad Davis,123-45-6789,1234,admin,2/26/2021,7:08 AM,Successful
Chad Davis,123-45-6789,1234,admin,2/26/2021,7:23 AM,Successful
Chad Davis,123-45-6789,1234,admin,2/26/2021,7:23 AM,Unsuccessful
Chad Davis,123-45-6789,1234,admin,2/26/2021,7:23 AM,Unsuccessful
Chad Davis,123-45-6789,1234,admin,2/26/2021,7:23 AM,Unsuccessful
Chad Davis,123-45-6789,1234,admin,2/26/2021,7:23 AM,Unsuccessful
Chad Davis,123-45-6789,1234,admin,2/26/2021,7:24 AM,Successful
Chad Davis,123-45-6789,1234,admin,2/26/2021,7:24 AM,Successful
Chad Davis,123-45-6789,1234,admin,2/26/2021,7:24 AM,Unsuccessful
Chad Davis,123-45-6789,1234,admin,2/26/2021,7:25 AM,Unsuccessful
Chad Davis,123-45-6789,1234,admin,2/26/2021,7:25 AM,Unsuccessful
Chad Davis,123-45-6789,1234,admin,2/26/2021,7:25 AM,Successful
Chad Davis,123-45-6789,1234,admin,2/26/2021,7:25 AM,Successful
Chad Davis,123-45-6789,1234,admin,2/26/2021,7:26 AM,Unsuccessful
Chad Davis,123-45-6789,1234,admin,2/26/2021,7:26 AM,Unsuccessful
Chad Davis,123-45-6789,1234,admin,2/26/2021,7:26 AM,Unsuccessful
Chad Davis,123-45-6789,1234,admin,2/26/2021,7:26 AM,Successful
Chad Davis,123-45-6789,1234,admin,2/26/2021,7:27 AM,Successful
Chad Davis,123-45-6789,1234,admin,2/26/2021,7:29 AM,Unsuccessful
Chad Davis,123-45-6789,1234,admin,2/26/2021,7:29 AM,Unsuccessful
Chad Davis,123-45-6789,1234,admin,2/26/2021,7:29 AM,Unsuccessful
Chad Davis,123-45-6789,1234,admin,2/26/2021,7:29 AM,Successful
Chad Davis,123-45-6789,1234,admin,2/26/2021,7:29 AM,Successful
Chad Davis,123-45-6789,1234,admin,2/26/2021,7:32 AM,Unsuccessful
Chad Davis,123-45-6789,1234,admin,2/26/2021,7:32 AM,Unsuccessful
Chad Davis,123-45-6789,1234,admin,2/26/2021,7:33 AM,Unsuccessful
Chad Davis,123-45-6789,1234,admin,2/26/2021,7:33 AM,Unsuccessful
Chad Davis,123-45-6789,1234,admin,2/26/2021,7:33 AM,Unsuccessful
Chad Davis,123-45-6789,1234,admin,2/26/2021,7:33 AM,Unsuccessful
Chad Davis,123-45-6789,1234,admin,2/26/2021,7:34 AM,Successful
Chad Davis,123-45-6789,1234,admin,2/26/2021,7:34 AM,Successful
Chad Davis,123-45-6789,1234,admin,2/26/2021,7:35 AM,Successful
Chad Davis,123-45-6789,1234,admin,2/26/2021,7:35 AM,Successful
Chad Davis,123-45-6789,1234,admin,2/26/2021,7:35 AM,Successful
Chad Davis,123-45-6789,1234,admin,2/26/2021,7:40 AM,Unsuccessful
Chad Davis,123-45-6789,1234,admin,2/26/2021,7:41 AM,Unsuccessful
Chad Davis,123-45-6789,1234,admin,2/26/2021,7:41 AM,Unsuccessful
Chad Davis,123-45-6789,1234,admin,2/26/2021,7:41 AM,Successful
Chad Davis,123-45-6789,1234,admin,2/26/2021,7:41 AM,Successful
Chad Davis,123-45-6789,1234,admin,2/26/2021,7:41 AM,Successful
Chad Davis,123-45-6789,1234,admin,2/26/2021,7:41 AM,Successful
Chad Davis,123-45-6789,1234,admin,2/26/2021,7:45 AM,Unsuccessful
Chad Davis,123-45-6789,1234,admin,2/26/2021,7:45 AM,Unsuccessful
Chad Davis,123-45-6789,1234,admin,2/26/2021,7:45 AM,Unsuccessful
Chad Davis,123-45-6789,1234,admin,2/26/2021,7:45 AM,Successful
Chad Davis,123-45-6789,1234,admin,2/26/2021,7:47 AM,Unsuccessful
Chad Davis,123-45-6789,1234,admin,2/26/2021,7:47 AM,Unsuccessful
Chad Davis,123-45-6789,1234,admin,2/26/2021,7:47 AM,Unsuccessful
Chad Davis,123-45-6789,1234,admin,2/26/2021,7:48 AM,Successful
Chad Davis,123-45-6789,1234,admin,2/26/2021,7:48 AM,Successful
Chad Davis,123-45-6789,1234,admin,2/26/2021,7:48 AM,Successful
Chad Davis,123-45-6789,1234,admin,2/26/2021,7:48 AM,Successful
Chad Davis,123-45-6789,1234,admin,2/26/2021,7:48 AM,Successful
Chad Davis,123-45-6789,1234,admin,2/26/2021,7:48 AM,Successful
Chad Davis,123-45-6789,1234,admin,2/26/2021,7:48 AM,Successful
Chad Davis,123-45-6789,1234,admin,2/26/2021,7:50 AM,Unsuccessful
Chad Davis,123-45-6789,1234,admin,2/26/2021,7:51 AM,Unsuccessful
Chad Davis,123-45-6789,1234,admin,2/26/2021,7:51 AM,Unsuccessful
Chad Davis,123-45-6789,1234,admin,2/26/2021,7:51 AM,Successful
Chad Davis,123-45-6789,1234,admin,2/26/2021,7:51 AM,Successful
Chad Davis,123-45-6789,1234,admin,2/26/2021,7:51 AM,Successful
Chad Davis,123-45-6789,1234,admin,2/26/2021,7:52 AM,Unsuccessful
Chad Davis,123-45-6789,1234,admin,2/26/2021,7:52 AM,Unsuccessful
Chad Davis,123-45-6789,1234,admin,2/26/2021,7:52 AM,Unsuccessful
Chad Davis,123-45-6789,1234,admin,2/26/2021,7:52 AM,Successful
Chad Davis,123-45-6789,1234,admin,2/26/2021,7:52 AM,Successful
Chad Davis,123-45-6789,1234,admin,2/26/2021,7:52 AM,Successful
Chad Davis,123-45-6789,1234,admin,2/26/2021,7:52 AM,Successful
Chad Davis,123-45-6789,1234,admin,2/26/2021,7:58 AM,Unsuccessful
Chad Davis,123-45-6789,1234,admin,2/26/2021,7:58 AM,Unsuccessful
Chad Davis,123-45-6789,1234,admin,2/26/2021,7:59 AM,Unsuccessful
Chad Davis,123-45-6789,1234,admin,2/26/2021,7:59 AM,Successful
Chad Davis,123-45-6789,1234,admin,2/26/2021,7:59 AM,Successful
Chad Davis,123-45-6789,1234,admin,2/26/2021,8:00 AM,Successful
Chad Davis,123-45-6789,1234,admin,2/26/2021,8:00 AM,Successful
Chad Davis,123-45-6789,1234,admin,2/26/2021,8:00 AM,Successful
Chad Davis,123-45-6789,1234,admin,2/26/2021,9:30 AM,Successful
Chad Davis,123-45-6789,1234,admin,2/26/2021,9:30 AM,Unsuccessful
Chad Davis,123-45-6789,1234,admin,2/26/2021,9:31 AM,Unsuccessful
Chad Davis,123-45-6789,1234,admin,2/26/2021,9:31 AM,Unsuccessful
Chad Davis,123-45-6789,1234,admin,2/26/2021,9:32 AM,Unsuccessful
Chad Davis,123-45-6789,1234,admin,2/26/2021,9:33 AM,Unsuccessful
Chad Davis,123-45-6789,1234,admin,2/26/2021,9:34 AM,Successful
Chad Davis,123-45-6789,1234,admin,2/26/2021,9:34 AM,Unsuccessful
Chad Davis,123-45-6789,1234,admin,2/26/2021,9:34 AM,Unsuccessful
Chad Davis,123-45-6789,1234,admin,2/26/2021,9:37 AM,Unsuccessful
Chad Davis,123-45-6789,1234,admin,2/26/2021,9:38 AM,Unsuccessful
Chad Davis,123-45-6789,1234,admin,2/26/2021,9:38 AM,Unsuccessful
Chad Davis,123-45-6789,1234,admin,2/26/2021,9:56 AM,Unsuccessful
Chad Davis,123-45-6789,1234,admin,2/26/2021,9:56 AM,Successful
Chad daddy,123-13,2,admin,2/26/2021,10:38 AM,Unsuccessful
Chad Davis,123-45-6789,1234,admin,2/26/2021,11:20 AM,Successful
,,,admin,2/26/2021,11:20 AM,Unsuccessful
,,,admin,2/26/2021,11:22 AM,Unsuccessful
Chad Davis,123-45-6789,1234,admin,2/26/2021,11:22 AM,Successful
,,,admin,2/26/2021,11:22 AM,Unsuccessful
Chad Davis,123-45-6789,1234,admin,2/26/2021,11:27 AM,Successful
,,,admin,2/26/2021,11:28 AM,Unsuccessful
,,,admin,2/26/2021,11:28 AM,Unsuccessful
Chad Davis,123-45-6789,1234,admin,2/26/2021,11:31 AM,Successful
,,,admin,2/26/2021,11:31 AM,Unsuccessful
,,,admin,2/26/2021,11:32 AM,Unsuccessful
,,,admin,2/26/2021,11:32 AM,Unsuccessful
Chad Davis,123-45-6789,1234,admin,2/26/2021,11:35 AM,Successful
,,,admin,2/26/2021,11:36 AM,Unsuccessful
Chad Davis,123-45-6789,1234,admin,2/26/2021,11:39 AM,Successful
Chad Davis,123-45-6789,1234,admin,2/26/2021,11:43 AM,Successful
,,,admin,2/26/2021,11:43 AM,Unsuccessful
Chad Davis,123-45-6789,1234,admin,2/26/2021,11:45 AM,Successful
,,,admin,2/26/2021,11:46 AM,Unsuccessful
,,,admin,2/26/2021,11:46 AM,Unsuccessful
,,,admin,2/26/2021,12:21 PM,Unsuccessful
Chad Davis,123-45-6789,1234,admin,2/26/2021,12:21 PM,Successful
,,,admin,2/26/2021,12:21 PM,Unsuccessful
Chad Davis,123-45-6789,1234,admin,2/26/2021,12:22 PM,Successful
,,,admin,2/26/2021,12:23 PM,Unsuccessful
,,,admin,2/26/2021,12:23 PM,Unsuccessful
,,,admin,2/26/2021,12:23 PM,Unsuccessful
Tyler Julian,123-45-6789,1234,admin,2/26/2021,12:24 PM,Unsuccessful
Lincoln Riley,777-77-7777,2020,user,2/26/2021,12:25 PM,Successful
tyler,dog,12,admin,2/26/2021,12:26 PM,Unsuccessful
tyler,12,132,admin,2/26/2021,12:26 PM,Unsuccessful
tyler ,12,1,admin,2/26/2021,12:27 PM,Unsuccessful
james,12,,admin,2/26/2021,12:27 PM,Unsuccessful
